"","season","team","made_playoffs","home_wins","Off_epa_play","Def_epa_play","ST_epa_play","away_wins"
"1",2025,"ARI",FALSE,1,-0.0223575553655994,-0.081688723973987,-0.108080307752841,2
"2",2025,"ATL",FALSE,4,-0.0209895415858435,-0.0010108939908111,-0.0702226350758958,4
"3",2025,"BAL",FALSE,3,0.0330550075685327,-0.0150207227533136,-0.00585974510517754,5
"4",2025,"BUF",TRUE,7,0.140667495780339,0.00978340309349766,-0.0687621679829884,6
"5",2025,"CAR",TRUE,5,-0.0356396552657763,-0.0537009555017698,0.0141764936786412,3
"6",2025,"CHI",TRUE,7,0.053884331554457,-0.0365857507449075,0.0332885239589258,5
"7",2025,"CIN",FALSE,3,0.0022422938541848,-0.109495262783783,0.0477392391306025,3
"8",2025,"CLE",FALSE,3,-0.182262223467796,0.0957488399162033,-0.0574148911403253,2
"9",2025,"DAL",FALSE,4,0.0954689225759206,-0.143849916846501,0.00876830144761559,3
"10",2025,"DEN",TRUE,9,0.0199770074108597,0.0602972760052568,-0.0140301283090607,6
"11",2025,"DET",FALSE,5,0.0634205234915805,0.000485520313480142,0.00635444831770746,4
"12",2025,"GB",TRUE,5,0.111428336685828,-0.0366444828773036,-0.0783912041474578,5
"13",2025,"HOU",TRUE,7,-0.0372610823264742,0.137090070358264,0.100733477739188,6
"14",2025,"IND",FALSE,6,0.0745675793902501,-0.00925606370949103,-0.00183902364624343,2
"15",2025,"JAX",TRUE,7,0.0357143992176165,0.0694239782445005,0.0573922982555214,6
"16",2025,"KC",FALSE,5,0.0328052765925177,0.0137134425269826,-0.0448183881559472,1
"17",2025,"LA",TRUE,7,0.139546630324678,0.0564667895471669,-0.0631718968544268,7
"18",2025,"LAC",TRUE,6,-0.03129689810461,0.074764193715284,-0.0361099299190422,5
"19",2025,"LV",FALSE,2,-0.198574086570116,-0.0151318154764976,-0.0691456261036958,1
"20",2025,"MIA",FALSE,5,-0.0329335159015615,-0.076178715930686,0.0611400995648641,2
"21",2025,"MIN",FALSE,4,-0.106784755028489,0.0940676610565624,0.0307638620954022,5
"22",2025,"NE",TRUE,8,0.0801150055474467,0.0894303418285107,-0.0103500766984178,9
"23",2025,"NO",FALSE,3,-0.0892170871729649,0.0566293665532483,-0.153927884709556,3
"24",2025,"NYG",FALSE,3,0.0307586713765338,-0.0874716835318552,-0.0172025496518125,1
"25",2025,"NYJ",FALSE,2,-0.13227030981295,-0.138320743291866,0.0996395531976596,1
"26",2025,"PHI",TRUE,5,0.0154927949499791,0.0484812117233583,-0.017092881855406,6
"27",2025,"PIT",TRUE,6,-0.0081533931452108,-0.0133113439824984,0.0125699263274049,4
"28",2025,"SEA",TRUE,8,0.045199846872028,0.128289860739375,0.134503726303356,9
"29",2025,"SF",TRUE,5,0.0598822158056314,-0.0549471038548853,0.1093143940656,8
"30",2025,"TB",FALSE,4,-0.00226511526316114,0.000404765880458526,-0.0582939017858359,4
"31",2025,"TEN",FALSE,1,-0.158367617789955,-0.0895910858146046,0.0467807015317404,2
"32",2025,"WAS",FALSE,2,0.0123969088613432,-0.140504801115303,0.061530121077726,3
"33",2024,"ARI",FALSE,6,0.058770844532688,-0.0373202955203543,-0.0180343304426338,2
"34",2024,"ATL",FALSE,4,0.0314231256704261,-0.0282702721921789,-0.096585399088121,4
"35",2024,"BAL",TRUE,7,0.181374450783571,0.0181853848943555,-0.0829396717940653,6
"36",2024,"BUF",TRUE,10,0.170038419278742,0.00228459705882289,-0.00266493606997874,5
"37",2024,"CAR",FALSE,3,-0.060585888209991,-0.14209525455762,-0.0153274615644278,2
"38",2024,"CHI",FALSE,4,-0.080369125030549,0.00288391009422901,0.00650016754650819,1
"39",2024,"CIN",FALSE,3,0.0958029410303681,-0.0454380337356476,-0.0300721856553715,6
"40",2024,"CLE",FALSE,2,-0.183704057298275,-0.00766670248708643,0.00756948589551662,1
"41",2024,"DAL",FALSE,2,-0.100924725123971,-0.0519589421580713,0.0693828555760718,5
"42",2024,"DEN",TRUE,6,-0.00222532133791459,0.0825400818637747,0.0320508122614291,4
"43",2024,"DET",TRUE,7,0.141866444368379,0.0354751373382902,0.0667495985798255,8
"44",2024,"GB",TRUE,6,0.0668887036839679,0.0721777084145548,-0.0497998791721616,5
"45",2024,"HOU",TRUE,6,-0.0464450456089064,0.0757252715405444,-0.0332642718654929,5
"46",2024,"IND",FALSE,5,-0.0523126739533546,0.00196173269572907,-0.0303824260735966,3
"47",2024,"JAX",FALSE,3,-0.0324662263846864,-0.110262699887758,0.0562316178967694,1
"48",2024,"KC",TRUE,10,0.0498972240008796,-0.00382125097542917,0.0253452607459872,7
"49",2024,"LA",TRUE,6,0.0172782252424069,-0.0167003272675478,-0.00978440268544975,5
"50",2024,"LAC",TRUE,5,0.0138460657552653,0.0684315956839599,0.0166757807953059,6
"51",2024,"LV",FALSE,2,-0.135311464618654,-0.00573523700422924,0.00182458625095281,2
"52",2024,"MIA",FALSE,5,-0.0450686111367917,0.0344930660442541,-0.00164426228388162,3
"53",2024,"MIN",TRUE,8,0.00331675313899084,0.0913456142654435,0.00132677311067051,6
"54",2024,"NE",FALSE,2,-0.0911968905403514,-0.0769356869568001,0.0742334617174825,2
"55",2024,"NO",FALSE,3,-0.0642683484267172,-0.0220038938038513,0.0205711994810634,2
"56",2024,"NYG",FALSE,1,-0.104163267913477,-0.0609540650532832,0.039381672983885,2
"57",2024,"NYJ",FALSE,3,-0.0101397442637457,-0.0431543459979014,-0.0338637826084592,2
"58",2024,"PHI",TRUE,12,0.111228058359616,0.0995701731534894,-0.0203635828007442,6
"59",2024,"PIT",TRUE,5,-0.0317203405359602,0.0110530079846795,0.127197529736791,5
"60",2024,"SEA",FALSE,3,-0.0283109348390661,0.0288477295427793,-0.0139678882206341,7
"61",2024,"SF",FALSE,4,0.0473726537093179,-0.0466397060357657,-0.133159823977858,2
"62",2024,"TB",TRUE,5,0.112876770686235,-0.0166816451169879,0.0494588871503727,5
"63",2024,"TEN",FALSE,1,-0.115186260904997,-0.0360624428502635,-0.032890995819345,2
"64",2024,"WAS",TRUE,7,0.126737351041239,-0.0586084934904803,0.00702567312209403,7
"65",2023,"ARI",FALSE,2,-0.065487570007559,-0.0843731123326994,0.0538579109630771,2
"66",2023,"ATL",FALSE,5,-0.0916569720246443,0.0578869092015298,-0.0583889861259308,2
"67",2023,"BAL",TRUE,7,0.0559361249456839,0.128833727397117,0.0336252940727145,7
"68",2023,"BUF",TRUE,8,0.100333014930021,0.0598480287809067,-0.0714044536278234,4
"69",2023,"CAR",FALSE,2,-0.161437952529325,-0.0281821370858874,-0.0176519669163257,0
"70",2023,"CHI",FALSE,5,-0.0621884207388305,0.039293085975705,0.0204169798231025,2
"71",2023,"CIN",FALSE,6,0.000118870770244798,-0.0232176774595049,0.0175754196389607,3
"72",2023,"CLE",TRUE,8,-0.138794006636984,0.137612070745784,0.067847529894136,3
"73",2023,"DAL",TRUE,8,0.107651301840608,0.065378619296229,0.029305646006578,4
"74",2023,"DEN",FALSE,5,-0.0460184463530284,-0.0153338452082916,-0.00300250032325493,3
"75",2023,"DET",TRUE,8,0.0671125178213441,-0.00599177033452148,0.0123164862212744,6
"76",2023,"GB",TRUE,5,0.0777437963453737,-0.0201856283196073,-0.0161034565996435,5
"77",2023,"HOU",TRUE,7,-0.0300393242350295,0.0361137353503365,0.0426844038215399,4
"78",2023,"IND",FALSE,4,-0.0297218241301198,0.0224333518589829,-0.0368085387010528,5
"79",2023,"JAX",FALSE,4,-0.043567354641448,0.0474319600718882,0.0123269850785985,5
"80",2023,"KC",TRUE,7,0.023496441428962,0.0734532337800692,0.0364778511302142,8
"81",2023,"LA",TRUE,5,0.0498452635141825,0.0106773294327944,-0.0931799356177426,5
"82",2023,"LAC",FALSE,2,-0.073083696834113,-0.00522420949812795,0.0522072980260179,3
"83",2023,"LV",FALSE,6,-0.0836057319551396,0.0565169961771294,0.0321191859188992,2
"84",2023,"MIA",TRUE,7,0.0666529893518324,0.0307678664295605,-0.0147826214266839,4
"85",2023,"MIN",FALSE,2,-0.0350585851534668,0.0263461504949082,-0.0524493526564799,5
"86",2023,"NE",FALSE,1,-0.203757664492075,0.057346361704514,-0.0692001883687526,3
"87",2023,"NO",FALSE,5,-0.0220499461640278,0.0977104059454369,0.0314487963151103,4
"88",2023,"NYG",FALSE,4,-0.169052587010809,0.0178688382957581,0.00796774847278372,2
"89",2023,"NYJ",FALSE,4,-0.233155365387101,0.110495984164516,0.0395434341377673,3
"90",2023,"PHI",TRUE,6,0.0410852326383685,-0.0531167666469754,0.0210846487163071,5
"91",2023,"PIT",TRUE,5,-0.0736758053779676,0.0496860941762565,-0.00641216670721056,5
"92",2023,"SEA",FALSE,5,0.0147882046836445,-0.0559197594416778,0.005583599722281,4
"93",2023,"SF",TRUE,7,0.155012683119403,0.0461602847298912,-0.0362746573582708,7
"94",2023,"TB",TRUE,5,0.00786323162633221,0.0254985413041301,0.0389847694443842,5
"95",2023,"TEN",FALSE,5,-0.0365085900805167,-0.0278047586463388,-0.0297983258105914,1
"96",2023,"WAS",FALSE,1,-0.087979037826929,-0.0847584188642469,-0.0625156418685024,3
"97",2022,"ARI",FALSE,1,-0.0896964571058094,-0.00689016340382985,-0.0512118716147931,3
"98",2022,"ATL",FALSE,6,0.00322372382637931,-0.0537981610033559,0.0438427655649219,1
"99",2022,"BAL",TRUE,5,-0.00805777769228183,0.00619829264237892,0.0940551790009203,5
"100",2022,"BUF",TRUE,8,0.0809414474311105,0.0406532176985779,0.0989229450461978,6
"101",2022,"CAR",FALSE,5,-0.051303380540578,0.00106782855500491,0.0668597014317472,2
"102",2022,"CHI",FALSE,2,-0.0541294175442554,-0.110727982911277,0.0252287387933946,1
"103",2022,"CIN",TRUE,7,0.083829899090137,0.0456308150014265,-0.0194887760477172,7
"104",2022,"CLE",FALSE,4,0.00866166542344063,-0.019137560264061,-0.00669541639404909,3
"105",2022,"DAL",TRUE,8,0.0298379997739575,0.0854430331546154,0.00798486389800207,5
"106",2022,"DEN",FALSE,4,-0.0896983800880279,0.0497560011038616,-0.101804899135263,1
"107",2022,"DET",FALSE,5,0.068840258283838,-0.067075073462509,0.0582674293411666,4
"108",2022,"GB",FALSE,5,0.0121063182944495,-0.0182105880980525,-0.00159499014563593,3
"109",2022,"HOU",FALSE,0,-0.171214039936532,-0.00067033615899839,0.0647725789588588,3
"110",2022,"IND",FALSE,2,-0.15844518173594,0.0200897046328633,0.0148655469506921,3
"111",2022,"JAX",TRUE,6,0.0320983504174593,0.0081012974193239,-0.00311716043205868,4
"112",2022,"KC",TRUE,9,0.179198019099431,-0.00202968235216502,-0.0958539160227205,8
"113",2022,"LA",FALSE,4,-0.0831216107166948,-0.00587152848319363,-0.0201321301173919,1
"114",2022,"LAC",TRUE,5,0.000657256812384172,-0.00306395148439295,0.00373542711924385,5
"115",2022,"LV",FALSE,4,-0.00700110454259227,-0.0627467965148844,0.0936882366484276,2
"116",2022,"MIA",TRUE,6,0.0258225383965584,-0.00537777382632362,-0.0280950495303195,3
"117",2022,"MIN",TRUE,8,0.00423064875694507,-0.015035075377982,-0.0400249284742443,5
"118",2022,"NE",FALSE,4,-0.0643718320390589,0.09021087009988,-0.0218231512624983,4
"119",2022,"NO",FALSE,4,-0.0439431799254975,0.0447504256392258,-0.0536321979561393,3
"120",2022,"NYG",TRUE,5,0.0282336445456589,-0.0528935070059319,-0.0163214315548867,5
"121",2022,"NYJ",FALSE,3,-0.0918682979406625,0.0524602204361284,0.013295856454445,4
"122",2022,"PHI",TRUE,9,0.10571262073808,0.0664056890692695,-0.0128521666669206,7
"123",2022,"PIT",FALSE,4,0.00760115067549913,-0.00825113088695878,-0.084384962482096,5
"124",2022,"SEA",TRUE,5,-0.000345858276392084,-0.0374151833488847,0.077281344147571,4
"125",2022,"SF",TRUE,10,0.0654245897847083,0.0951253548725195,0.0171097739051839,5
"126",2022,"TB",TRUE,5,-0.0417033298437197,0.0098187306706051,-0.0762589593430256,3
"127",2022,"TEN",FALSE,3,-0.0752976977838339,0.00453626486011939,0.00444322412135968,4
"128",2022,"WAS",FALSE,4,-0.0694343380200052,0.0627083671017152,-0.0254428721311045,5
"129",2021,"ARI",TRUE,3,0.0429804731357983,0.0518396387223323,-0.0522276400619296,8
"130",2021,"ATL",FALSE,2,-0.0812572099647666,-0.0671005987956427,-0.00581169836824011,5
"131",2021,"BAL",FALSE,5,-0.00361408466212861,-0.0567452094863488,0.0985791984601126,3
"132",2021,"BUF",TRUE,7,0.12286347014629,0.0782509409805853,0.00721349143746685,5
"133",2021,"CAR",FALSE,2,-0.136011557160915,0.0452132789646198,-0.043417851642545,3
"134",2021,"CHI",FALSE,3,-0.0864927395746422,-0.0227169229053542,-0.00273997098529849,3
"135",2021,"CIN",TRUE,6,0.0401754368946586,0.0277818545150071,0.0486217212696868,7
"136",2021,"CLE",FALSE,6,0.00245007603562222,-0.00935570779120958,-0.0627509670089717,2
"137",2021,"DAL",TRUE,5,0.0608357839262496,0.0840563373399704,0.0263150471465384,7
"138",2021,"DEN",FALSE,4,0.0169798650837825,0.00111656876863638,-0.0332615854116787,3
"139",2021,"DET",FALSE,3,-0.0692779648989756,-0.100464721732102,0.0198440377423191,1
"140",2021,"GB",TRUE,8,0.11851740074068,0.00147711451517323,-0.084796885603816,5
"141",2021,"HOU",FALSE,2,-0.134131644902621,-0.0715715916812234,0.0359545701836331,2
"142",2021,"IND",FALSE,4,0.0543741284748074,0.00780212001586452,0.0831769620302822,5
"143",2021,"JAX",FALSE,3,-0.0926068934185417,-0.0997803943930641,-0.0861932682827623,0
"144",2021,"KC",TRUE,9,0.142510653831867,-0.0429880048289735,0.0517503708686955,5
"145",2021,"LA",TRUE,7,0.0610481803589398,0.05758117156174,-0.00856472304590025,9
"146",2021,"LAC",FALSE,5,0.0849441049984191,-0.0421707457960475,-0.0681617482871221,4
"147",2021,"LV",TRUE,5,-0.00934939660350025,-0.0600706874338339,0.0141259285934115,5
"148",2021,"MIA",FALSE,6,-0.0548925622543965,0.0303070783287417,-0.0465380470289682,3
"149",2021,"MIN",FALSE,5,0.0105205916486851,0.00811716694318598,-0.0113600497771891,3
"150",2021,"NE",TRUE,4,0.0631462734679256,0.0307494308913644,0.0945865661046171,6
"151",2021,"NO",FALSE,3,-0.0679242944011837,0.100501367607568,0.00263706555189415,6
"152",2021,"NYG",FALSE,3,-0.1391855187049,-0.0218278785502183,0.00375568390577563,1
"153",2021,"NYJ",FALSE,3,-0.0771333036988846,-0.129890678931801,-0.0190519642052517,1
"154",2021,"PHI",TRUE,3,0.0501726945604206,-0.0079607519035138,-0.00591498320736242,6
"155",2021,"PIT",TRUE,6,-0.0610399407962359,-0.00238848246928069,0.00875087061571209,3
"156",2021,"SEA",FALSE,3,0.0339155459307834,-0.0291816405055431,0.0615139108649986,4
"157",2021,"SF",TRUE,4,0.0500626226556147,0.0153634672779165,-0.0138972101096695,8
"158",2021,"TB",TRUE,8,0.113525360207573,0.0672314163829275,-0.0406654544581116,6
"159",2021,"TEN",TRUE,7,0.020381223689009,0.0315211372542132,0.00880446134612207,5
"160",2021,"WAS",FALSE,3,-0.0401173032078172,-0.067095221532885,-0.0090919069121397,4
"161",2020,"ARI",FALSE,4,0.0327254832347201,-0.0127976522691424,0.0716914915496243,4
"162",2020,"ATL",FALSE,2,0.0357732686895228,-0.0622127139503994,0.027029467805611,2
"163",2020,"BAL",TRUE,5,0.0802937626876633,0.0388148357050327,0.132818843282764,7
"164",2020,"BUF",TRUE,9,0.141366938898115,-0.0458964039014975,0.0879010100055161,6
"165",2020,"CAR",FALSE,2,0.0216537933045683,-0.0797171804775516,-0.00869182160340306,3
"166",2020,"CHI",TRUE,3,-0.0290579703805231,-0.0107526584070595,0.0571600606356523,5
"167",2020,"CIN",FALSE,3,-0.0466918224544649,-0.0852805067553934,0.00701083611081896,2
"168",2020,"CLE",TRUE,6,0.0883319630973934,-0.074980815444765,-0.00954011120340833,6
"169",2020,"DAL",FALSE,4,-0.0346757850577947,-0.0647275836766887,0.0427934606363211,2
"170",2020,"DEN",FALSE,2,-0.077035273365606,-0.0361627502106373,-0.0373186759683679,3
"171",2020,"DET",FALSE,1,0.00337854432149801,-0.193266740290289,0.0608829125785575,4
"172",2020,"GB",TRUE,8,0.210801850962146,-0.0356682049353735,-0.0393503791683716,6
"173",2020,"HOU",FALSE,2,0.0762935099433744,-0.161346405909876,0.00464674749295537,2
"174",2020,"IND",TRUE,6,0.0880737580608572,-0.000981736336461539,0.046504116642719,5
"175",2020,"JAX",FALSE,1,-0.0614957939464676,-0.155947348606336,0.0113400064912217,0
"176",2020,"KC",TRUE,8,0.162533331999176,-0.0607042489936564,-0.0125664862777844,8
"177",2020,"LA",TRUE,6,-0.00884610234701113,0.147263203861931,-0.120557400027042,5
"178",2020,"LAC",FALSE,4,0.0365527314460955,-0.0274900293154249,-0.154309569475539,3
"179",2020,"LV",FALSE,2,0.0608507224258551,-0.133439761429559,0.0606510059564866,6
"180",2020,"MIA",FALSE,5,0.0228959085041489,0.0266583809733145,0.074307402113927,5
"181",2020,"MIN",FALSE,3,0.0796724577902366,-0.086674235168477,-0.156011946628177,4
"182",2020,"NE",FALSE,5,0.00731918701133161,-0.0716201761901495,0.119754389713164,2
"183",2020,"NO",TRUE,7,0.071825942996941,0.0498463014445651,0.0240708210568774,6
"184",2020,"NYG",FALSE,3,-0.0574616668040894,-0.02377374742388,0.01115458832884,3
"185",2020,"NYJ",FALSE,1,-0.113514801542245,-0.0978168349596295,-0.0959132522631554,1
"186",2020,"PHI",FALSE,3,-0.0605445187193507,-0.0243435467067741,-0.0355473813682867,1
"187",2020,"PIT",TRUE,7,0.0254354589154598,0.0883213216707153,-0.0292443017483813,5
"188",2020,"SEA",TRUE,7,0.0672277353226702,-0.0315546753208648,0.0998115264193326,5
"189",2020,"SF",FALSE,1,0.00163765781412475,0.0250313113991209,-0.121286844331939,5
"190",2020,"TB",TRUE,6,0.142325380099035,0.0419622537829566,-0.0136148107751587,9
"191",2020,"TEN",TRUE,5,0.167968137722415,-0.111731994188632,-0.0222534965628151,6
"192",2020,"WAS",TRUE,3,-0.0454363919639912,0.063382347236272,-0.0757975996521938,4
"193",2019,"ARI",FALSE,2,0.0064032230154298,-0.0854948851607148,-0.00600643215727147,3
"194",2019,"ATL",FALSE,3,0.0100600476763168,-0.0338588248243136,0.00554977622895366,4
"195",2019,"BAL",TRUE,7,0.167432712887513,0.0755557129580968,0.00467136950892948,7
"196",2019,"BUF",TRUE,4,-0.026472549849455,0.0858901478786672,0.0435076404520113,6
"197",2019,"CAR",FALSE,2,-0.0844765770878035,-0.0465771289123004,-0.0384869536755474,3
"198",2019,"CHI",FALSE,4,-0.0774602424556072,0.0474276305346577,0.00318856475178674,4
"199",2019,"CIN",FALSE,2,-0.0973334605844265,-0.0853376609658394,0.0324077794579796,0
"200",2019,"CLE",FALSE,4,-0.0364832642208256,-0.0356542501903919,0.0201202610457141,2
"201",2019,"DAL",FALSE,5,0.106489005684576,0.0275855320445637,-0.0732813141956744,3
"202",2019,"DEN",FALSE,5,-0.0525694269602706,0.0105898531584364,0.0130805748098665,2
"203",2019,"DET",FALSE,2,-0.0427798086747074,-0.0658918263795856,0.0581483636815064,2
"204",2019,"GB",TRUE,8,0.0572376476486754,0.00466321182844832,-0.00808868691152414,6
"205",2019,"HOU",TRUE,6,0.0298207881500109,-0.0618663217081769,0.0270847122269307,5
"206",2019,"IND",FALSE,5,0.00443915088478665,0.00509010002619921,-0.0682676070864228,2
"207",2019,"JAX",FALSE,3,-0.0589105006286926,-0.0667559171455381,0.0334580238618158,3
"208",2019,"KC",TRUE,8,0.16870085051031,-0.00427437213841093,0.0348844753716796,7
"209",2019,"LA",FALSE,5,-0.00511102432906624,0.0444862164837704,-0.00961257166918648,4
"210",2019,"LAC",FALSE,2,0.0331440215055196,-0.0316965741279905,-0.0386309291667149,3
"211",2019,"MIA",FALSE,3,-0.0802002276859245,-0.119565458644623,-0.0177895739784744,2
"212",2019,"MIN",TRUE,6,0.0241161023638574,0.0655323927328756,0.00387341238373078,5
"213",2019,"NE",TRUE,6,-0.0040909028586493,0.206797805248773,0.00628121693407324,6
"214",2019,"NO",TRUE,6,0.0638780774978566,0.0445919181010156,0.0420580600537227,7
"215",2019,"NYG",FALSE,2,-0.0624233343749733,-0.0668631413967352,0.0037704836548883,2
"216",2019,"NYJ",FALSE,5,-0.146776418565169,0.0257949714363368,0.0251076430304067,2
"217",2019,"OAK",FALSE,NA,NA,NA,NA,NA
"218",2019,"PHI",TRUE,5,-0.000802705244804686,0.032503466868765,-0.0198729123708391,4
"219",2019,"PIT",FALSE,5,-0.147174865742405,0.118963261727997,0.0296095298611872,3
"220",2019,"SEA",TRUE,4,0.0246255598305876,-0.0271971890772203,0.04735723090161,8
"221",2019,"SF",TRUE,8,0.069804363541388,0.117609040460574,0.00530821679881325,7
"222",2019,"TB",FALSE,2,-0.00872927099552956,0.0616146881219587,-0.0929291838080454,5
"223",2019,"TEN",TRUE,4,0.0607174367842967,0.0222992278663219,-0.023267758011504,7
"224",2019,"WAS",FALSE,1,-0.132607650553643,-0.0760092581909741,0.0288397925223955,2
"225",2018,"ARI",FALSE,1,-0.243152884793057,-0.0161191424964595,0.0375862865912107,2
"226",2018,"ATL",FALSE,4,0.0753952942749921,-0.0744270516732511,-0.0275087255828967,3
"227",2018,"BAL",TRUE,6,0.00863482627869207,0.080212883901408,0.0499431557406844,4
"228",2018,"BUF",FALSE,4,-0.14616382689142,0.0832448369741864,-0.072814049239273,2
"229",2018,"CAR",FALSE,5,0.054493837197427,-0.0549159486033073,-0.0376374548603367,2
"230",2018,"CHI",TRUE,7,0.0327135107625666,0.127302858680486,-0.0632180241953009,5
"231",2018,"CIN",FALSE,4,-0.00478544546306064,-0.0929947188440873,-0.0061030139440868,2
"232",2018,"CLE",FALSE,5,-0.0145788893555233,0.0031303806947105,-0.0513425804113047,2
"233",2018,"DAL",TRUE,8,0.0202259810224372,0.0164122441989771,-0.0716163674948766,3
"234",2018,"DEN",FALSE,3,-0.0284705121573497,0.00778100610789972,-0.0279632753810431,3
"235",2018,"DET",FALSE,3,-0.0320476807282096,-0.0311934975734155,0.0494066600605916,3
"236",2018,"GB",FALSE,5,0.0444909251696368,-0.0468495044148919,-0.0794878380199802,1
"237",2018,"HOU",TRUE,6,0.0056529761088014,0.0566638921399473,0.0425894751321215,5
"238",2018,"IND",TRUE,6,0.051972018150935,0.0302869668943071,0.012177106063931,5
"239",2018,"JAX",FALSE,3,-0.138246213059953,0.0312829686934164,0.0392972137052796,2
"240",2018,"KC",TRUE,8,0.211335304642811,-0.0668566469735002,0.0639951335053792,5
"241",2018,"LA",TRUE,8,0.124259327454038,0.00189831799555145,0.0261558846467927,7
"242",2018,"LAC",TRUE,5,0.104751838746409,0.0214604432284733,-0.0398708495486224,8
"243",2018,"MIA",FALSE,6,-0.112863933365855,-0.0588496885440262,0.0545535121953134,1
"244",2018,"MIN",FALSE,5,-0.0793037173093103,0.103257640656693,-0.0367555113065475,4
"245",2018,"NE",TRUE,9,0.0900620180700193,0.0376425535530371,-0.00265363412080268,5
"246",2018,"NO",TRUE,7,0.137566394241169,-0.0110011430306078,0.0853239925273786,7
"247",2018,"NYG",FALSE,2,0.00786633562388913,-0.0549361807368745,-0.0083553724945478,3
"248",2018,"NYJ",FALSE,2,-0.137919589868977,-0.0179462690772641,0.0877297026939195,2
"249",2018,"OAK",FALSE,NA,NA,NA,NA,NA
"250",2018,"PHI",TRUE,5,0.0248616568985769,-0.014605650896402,0.00500141595702828,5
"251",2018,"PIT",FALSE,5,0.0988465085107922,-0.0166467846351097,-0.046047465117031,5
"252",2018,"SEA",TRUE,6,0.0795895700190796,0.00049176226141138,0.00678024987897022,4
"253",2018,"SF",FALSE,4,-0.0336629838454656,-0.0658636412527695,0.0102855540764406,0
"254",2018,"TB",FALSE,4,0.0376833620603015,-0.0916564143240089,-0.0735988757164106,1
"255",2018,"TEN",FALSE,6,-0.0317387115629762,0.0226280902283335,0.00847367591844601,3
"256",2018,"WAS",FALSE,3,-0.0771099706290272,-0.0291283498120513,0.0576740191025313,4
"257",2017,"ARI",FALSE,5,-0.128696951518516,0.0948253704259552,-0.0460131623757115,3
"258",2017,"ATL",TRUE,5,0.0344369915572663,0.0136855715420111,0.00291056080776664,6
"259",2017,"BAL",FALSE,5,-0.0504512072698144,0.118006936830954,0.0901521673505403,4
"260",2017,"BUF",TRUE,6,-0.0828803383433179,-0.00104445424923282,0.0100217766155495,3
"261",2017,"CAR",TRUE,6,-0.00965229361807283,0.0518214172473827,0.000914583046033215,5
"262",2017,"CHI",FALSE,3,-0.115976110082059,0.0550105338428641,-0.0435425017201395,2
"263",2017,"CIN",FALSE,4,-0.0923804787989955,0.027930096248179,-0.0306041497203487,3
"264",2017,"CLE",FALSE,0,-0.148760466849025,-0.0184824217768888,-0.0672023906562202,0
"265",2017,"DAL",FALSE,3,0.00122210387271873,-0.0194640406670166,0.103905634886281,6
"266",2017,"DEN",FALSE,4,-0.124732579581485,0.0945966478763994,-0.133373110319103,1
"267",2017,"DET",FALSE,4,-0.0521246580901139,0.0506491952994978,0.0795732521949465,5
"268",2017,"GB",FALSE,4,-0.0306263598414152,-0.0407310827334528,-0.00470242372463598,3
"269",2017,"HOU",FALSE,3,-0.0592209697126544,-0.0284252177626112,-0.0500870391635682,1
"270",2017,"IND",FALSE,3,-0.109829355478646,-0.0557126040247509,0.0391867083990967,1
"271",2017,"JAX",TRUE,7,0.0168670239405653,0.15519504580823,-0.0494675199053244,5
"272",2017,"KC",TRUE,6,0.071046401862401,-0.0293600949300686,0.0887314703387649,4
"273",2017,"LA",TRUE,4,0.0438234614296957,0.0652618344879913,0.0897921565277435,7
"274",2017,"LAC",FALSE,5,0.0652264445979704,0.0705915873686824,-0.108748963598486,4
"275",2017,"MIA",FALSE,4,-0.129799298654272,-0.0209278202387099,0.0529788425618916,2
"276",2017,"MIN",TRUE,8,0.0171688382937826,0.101149139194666,-0.0119942777230851,6
"277",2017,"NE",TRUE,8,0.153884575267739,-0.0456544039250306,0.0989655946993241,7
"278",2017,"NO",TRUE,8,0.0896339949156433,0.0221183174596188,0.0222746842893385,4
"279",2017,"NYG",FALSE,2,-0.102040809215691,0.00244504458676483,-0.110439499890503,1
"280",2017,"NYJ",FALSE,4,-0.0738603689137823,-0.00644160577472942,-0.0145955270813386,1
"281",2017,"OAK",FALSE,NA,NA,NA,NA,NA
"282",2017,"PHI",TRUE,9,0.0830120844644543,0.0878265158775085,0.0483012189484328,7
"283",2017,"PIT",TRUE,6,0.0764282865216532,0.0284480384936664,-0.0215725658176351,7
"284",2017,"SEA",FALSE,4,-0.0345124596185809,0.0574099184580827,-0.00950047343395306,5
"285",2017,"SF",FALSE,3,-0.0488809662672815,-0.0260143112325208,0.0232338862719843,3
"286",2017,"TB",FALSE,4,-0.00760057774563134,-0.035710430222447,-0.0358679624456556,1
"287",2017,"TEN",TRUE,6,-0.0594480634727619,0.0142329760065422,0.0112846091140765,4
"288",2017,"WAS",FALSE,5,-0.0628252161237055,0.0439994051344736,-0.0958251221959598,2
"289",2016,"ARI",FALSE,4,-0.0096718379003759,0.0929708924767347,-0.0802725998598124,3
"290",2016,"ATL",TRUE,7,0.1935779775341,-0.0545300890666426,0.0778786056834674,6
"291",2016,"BAL",FALSE,6,-0.0563952582186651,0.0467593347821319,0.121504052966281,2
"292",2016,"BUF",FALSE,4,0.0612317319817387,-0.0173662908650869,-0.0774464440688633,3
"293",2016,"CAR",FALSE,4,-0.0433994495552958,0.0141918415046166,-0.0137910058162742,2
"294",2016,"CHI",FALSE,3,-0.0511548727776749,-0.0581680132500024,-0.0629495588488634,0
"295",2016,"CIN",FALSE,4,0.0466965710536311,-0.012495841078386,-0.0737952628716184,2
"296",2016,"CLE",FALSE,1,-0.0608438204836788,-0.128252291088976,-0.0338704081052938,0
"297",2016,"DAL",TRUE,7,0.113411519119883,-0.0239693444302126,0.0771983795023806,6
"298",2016,"DEN",FALSE,5,-0.0648042329070957,0.117656614711971,-0.049182904708533,4
"299",2016,"DET",TRUE,6,0.0302237756317277,-0.0966365703643619,0.0511253176198498,3
"300",2016,"GB",TRUE,7,0.130179829241346,-0.0658181604611607,-0.0606728853347881,5
"301",2016,"HOU",TRUE,8,-0.0943105392993281,0.0768097121977311,-0.0583863829239204,2
"302",2016,"IND",FALSE,4,0.0468269067567643,-0.0604998000891878,0.0968602418284969,4
"303",2016,"JAX",FALSE,2,-0.0703416049876402,0.00955827527547905,-0.0791475393752973,1
"304",2016,"KC",TRUE,6,0.0014948494886395,0.0305265728822572,0.103812568421386,6
"305",2016,"LA",FALSE,1,-0.209745575285213,-0.0143136249114132,0.0804584864602537,3
"306",2016,"MIA",TRUE,6,-0.0262601674764971,-0.0258720834098325,0.0401608553153035,4
"307",2016,"MIN",FALSE,5,-0.0471336530769536,0.0911508222094228,-0.0014674628394938,3
"308",2016,"NE",TRUE,8,0.118036682556665,0.0605597424866131,0.0810327384014388,9
"309",2016,"NO",FALSE,4,0.0913274727876534,-0.0762825812840354,-0.0552504512068194,3
"310",2016,"NYG",TRUE,7,-0.0818605218238973,0.0778674584082013,-0.0107044602341702,4
"311",2016,"NYJ",FALSE,2,-0.0732879710957773,-0.0442798450928685,-0.106321855451667,3
"312",2016,"OAK",TRUE,NA,NA,NA,NA,NA
"313",2016,"PHI",FALSE,6,-0.0206248776037994,0.0331650337185885,0.0650082750687195,1
"314",2016,"PIT",TRUE,7,0.0707456521926195,-0.00180609538481196,0.000413361470136947,6
"315",2016,"SD",FALSE,NA,NA,NA,NA,NA
"316",2016,"SEA",TRUE,8,0.0206443489626047,0.0461732711718605,0.030474656261416,4
"317",2016,"SF",FALSE,1,-0.0929057609967204,-0.084341362924649,-0.0351010878308586,1
"318",2016,"TB",FALSE,4,-0.0129454261250125,0.00145511435217997,-0.00740283875310457,5
"319",2016,"TEN",FALSE,5,0.0266807057277536,-0.0176140363330976,-0.0093085481078288,4
"320",2016,"WAS",FALSE,4,0.0954397572528284,-0.0641397015926156,-0.0183450985617889,5
"321",2015,"ARI",TRUE,7,0.0959333509613494,0.0736892042467701,-0.0740011477738748,7
"322",2015,"ATL",FALSE,4,-0.00649667079146448,-0.00655619083728589,0.0174557909894358,4
"323",2015,"BAL",FALSE,3,-0.0815080526236952,-0.0290656037121654,0.0733202513039117,2
"324",2015,"BUF",FALSE,5,0.0202678555628704,-0.0201260279199763,0.0406070330211276,3
"325",2015,"CAR",TRUE,10,0.0620926412694709,0.132826938662941,-0.0111945843803379,7
"326",2015,"CHI",FALSE,1,-0.0255837773308637,-0.0293276305327573,-0.020744198661615,5
"327",2015,"CIN",TRUE,6,0.0471828903092538,0.072122061250527,0.0424938062139515,6
"328",2015,"CLE",FALSE,2,-0.086279834523691,-0.0814187693373448,0.00285481042553261,1
"329",2015,"DAL",FALSE,1,-0.0831253371462724,-0.0460372205969657,0.0212295489572753,3
"330",2015,"DEN",TRUE,9,-0.0913448507003261,0.143493445109789,0.00689473241685992,6
"331",2015,"DET",FALSE,4,-0.0218424024717728,-0.0393365631675999,0.00926939043591942,3
"332",2015,"GB",TRUE,5,0.010406267912934,0.0507584383698233,0.0034927904959663,6
"333",2015,"HOU",TRUE,5,-0.0763608952655018,0.0959467890202959,-0.0468581813162585,4
"334",2015,"IND",FALSE,4,-0.0754046752841922,0.0036152851060066,0.0243393007381138,4
"335",2015,"JAX",FALSE,4,-0.0568420948857801,-0.0384372766616102,0.0240073119630349,1
"336",2015,"KC",TRUE,6,0.0297150073421,0.100246078682555,0.0508033353139549,6
"337",2015,"MIA",FALSE,3,-0.0410526813215795,-0.0448394200427799,0.024662622708107,3
"338",2015,"MIN",TRUE,6,0.00598240197908481,0.0488925356837243,0.0246064134073137,5
"339",2015,"NE",TRUE,8,0.0691013479192531,0.0572241743421119,0.0310885940470244,5
"340",2015,"NO",FALSE,4,0.067894363669384,-0.135115344909173,-0.027006759328809,3
"341",2015,"NYG",FALSE,3,0.0251611236766345,-0.0571014494920178,0.025178031697537,3
"342",2015,"NYJ",FALSE,6,0.013223300922234,0.0961642757656576,-0.0785046872332829,4
"343",2015,"OAK",FALSE,NA,NA,NA,NA,NA
"344",2015,"PHI",FALSE,3,-0.0429196910494046,-0.0191792418499999,0.0130972527433582,4
"345",2015,"PIT",TRUE,6,0.0511759293243317,0.0683646420742162,-0.0504119653182695,5
"346",2015,"SD",FALSE,NA,NA,NA,NA,NA
"347",2015,"SEA",TRUE,5,0.0667077651532366,0.0810431964010064,0.00443178554121372,6
"348",2015,"SF",FALSE,4,-0.0937411990487695,-0.0539994034024558,-0.0163756370155304,1
"349",2015,"STL",FALSE,NA,NA,NA,NA,NA
"350",2015,"TB",FALSE,3,-0.00159179524395085,-0.0376384027625311,-0.0881531633267084,3
"351",2015,"TEN",FALSE,1,-0.100682579561854,-0.0167597893862542,-0.0343297689759133,2
"352",2015,"WAS",TRUE,6,0.00508837502997481,-0.00773480248406539,-0.00198697666245619,3
