"Rank","Player Id","Player GSIS","Player College GSIS","Player Sportradar Id","Name","Team","#","POS","REC GRD","KEY","REC SNP","VS PRS","TGT","REC","REC YDS","YPR","REC TD","REC 1D","DP","FUM","FUML","CBL","CTT","CTC","YAC","YAC/REC","YPRR"
"","2973","30842","","9c21e9af-681c-41ef-9b00-fbc9e1668ed1","Marcedes Lewis","Broncos","89","TE","55.7","0","2","0","0","0","0","0.0","0","0","0","0","0","0","0","0","0","0.0","0.00"
"","7816","39983","","de3421f7-2147-4835-89a5-724e87bad463","Zach Ertz","Commanders","86","TE","63.3","68","403","150","80","54","521","9.7","4","25","7","1","0","63","16","11","131","2.4","1.29"
"","7844","40011","","c3859e06-5f23-4302-a71b-04820a899d5f","Travis Kelce","Chiefs","87","TE","74","98","613","242","107","77","853","11.1","5","46","8","1","0","87","9","4","430","5.6","1.39"
"","9637","42547","66514","14c97c9f-26e8-4944-9299-f90de6aeada3","Darren Waller","Dolphins","83","TE","87.6","31","170","61","36","25","298","11.9","6","19","0","0","0","26","8","5","69","2.8","1.75"
"","10211","42302","","7c7b5515-7786-4e24-9ce0-34e6a8bd5727","Chris Manhertz","Giants","85","TE","47","0","16","2","2","1","7","7.0","0","0","0","0","0","1","0","0","6","6.0","0.44"
"","10669","43324","115292","705899da-3c20-4bc3-b5d0-2e6e40655131","Hunter Henry","Patriots","85","TE","75.3","93","601","246","105","74","945","12.8","8","46","6","0","0","82","25","13","392","5.3","1.57"
"","10715","43370","122658","90c2a93f-d837-4e1b-b57c-56648903a8db","Austin Hooper","Patriots","81","TE","67.3","30","254","75","34","24","287","12.0","2","16","0","0","0","24","6","4","105","4.4","1.13"
"","10728","43383","53554","c731aa8a-778b-4ccd-a19f-517eb66f47b7","Nick Vannett","Rams","38","TE","48.5","0","10","4","0","0","0","0.0","0","0","0","0","0","0","0","0","0","0.0","0.00"
"","10744","43399","72628","0df7912d-9e81-47ea-b4f7-d04986df4ee8","Tyler Higbee","Rams","89","TE","67.1","37","234","67","40","29","365","12.6","3","20","3","0","0","32","7","3","172","5.9","1.56"
"","11778","44835","119127","e21365af-8d66-416e-b0a5-8816d18fcfd9","Evan Engram","Broncos","01","TE","57.6","59","420","117","81","55","507","9.2","1","20","4","0","0","62","8","4","318","5.8","1.21"
"","11784","44841","173871","8f86fcea-90e8-49ea-bc78-5c7659313e57","David Njoku","Browns","85","TE","61.6","34","296","85","48","35","308","8.8","4","11","2","1","1","37","12","9","182","5.2","1.04"
"","11855","44912","110021","e4f25a37-74de-4bfb-b6c9-f50a4fab0b87","Jonnu Smith","Steelers","81","TE","49.4","47","340","115","60","40","221","5.5","2","10","2","1","0","44","8","3","185","4.6","0.65"
"","11901","44959","109513","2ada91b0-036e-454f-83c3-6d939ff584a9","George Kittle","49ers","85","TE","91","56","309","74","71","59","640","10.8","7","38","2","0","0","64","15","12","262","4.4","2.07"
"","11929","44987","68794","582dc00e-e7ec-4ca7-bff0-f7b1d604017b","Eric Saubert","Seahawks","81","TE","57.5","8","88","26","6","5","33","6.6","0","2","0","0","0","5","0","0","16","3.2","0.38"
"","12078","44792","","8809c0dd-786b-4255-a7d0-333c9498c19a","Mo Alie-Cox","Colts","81","TE","58","12","124","21","19","13","117","9.0","1","4","1","0","0","15","4","1","78","6.0","0.94"
"","12112","45244","194864","3c8a55dd-20a8-4375-b711-49eb5e6e1d0e","Taysom Hill","Saints","07","TE","50.7","9","88","15","16","12","109","9.1","0","2","3","0","0","15","1","0","94","7.8","1.24"
"","12193","45635","56747","7c9c7800-69d0-459b-812b-a07ac48e9f2a","Robert Tonyan","Chiefs","85","TE","46.9","2","37","10","1","1","1","1.0","0","0","0","0","0","1","0","0","0","0.0","0.03"
"","12206","45094","121244","6414998b-5831-44aa-8bd8-39e42a323c2c","Johnny Mundt","Jaguars","86","TE","46.6","15","148","21","17","9","111","12.3","0","6","3","0","0","12","3","0","76","8.4","0.75"
"","12247","45339","61040","6733b953-de77-44e5-acbf-c2d3a0940243","Pharaoh Brown","Cardinals","49","TE","48.2","2","20","3","2","2","1","0.5","0","0","0","0","0","2","0","0","1","0.5","0.05"
"","13756","52858","195189","689de342-1d99-4a4d-976d-f6573ef3a8c2","Giovanni Ricci","Lions","88","TE","49.4","0","9","3","1","0","0","0.0","0","0","0","0","0","0","0","0","0","0.0","0.00"
"","20994","46331","130765","70473218-5ae3-47b4-86fd-151e68f1e8b9","Ross Dwelley","Lions","82","TE","46.2","3","36","7","4","2","7","3.5","0","0","0","0","0","2","2","0","7","3.5","0.19"
"","22777","54931","278802","4f2ecf70-d3b2-11ec-96a0-c3471a31202c","Tanner Conner","Dolphins","80","TE","46.3","12","120","30","15","9","91","10.1","0","3","2","0","0","12","2","1","37","4.1","0.76"
"","26394","52523","194657","f58a5899-8b78-46e8-a29a-ba6273b7d872","Harrison Bryant","Texans","88","TE","40.4","5","70","22","10","6","31","5.2","0","2","0","0","0","6","1","0","11","1.8","0.44"
"","28305","52942","337575","0226b03b-f91d-4223-9813-9fcd2e9c3acc","Juwan Johnson","Saints","83","TE","69.1","82","559","162","101","77","889","11.6","3","41","7","2","2","86","25","14","363","4.7","1.59"
"","30762","46189","160020","383f4814-6836-4766-a297-fc063e8509cc","Will Dissly","Chargers","89","TE","55.4","12","99","29","15","11","97","8.8","0","5","1","0","0","13","3","0","68","6.2","0.98"
"","35883","47879","267761","5fb525c5-4e70-4ede-8c49-94ad0cf66b7d","Dawson Knox","Bills","88","TE","68.4","55","375","121","57","43","480","11.2","4","26","4","0","0","49","11","5","208","4.8","1.28"
"","40630","53556","263283","bcc0167c-05fd-4b23-981e-60b8784ceb33","Kylen Granson","Eagles","83","TE","42.9","6","93","27","9","7","40","5.7","0","3","1","0","0","8","1","0","12","1.7","0.43"
"","40912","47791","279646","bd1120b6-38b3-4225-a4b0-20660a149d0d","T.J. Hockenson","Vikings","87","TE","62.6","64","445","134","67","51","438","8.6","3","22","4","0","0","57","7","3","224","4.4","0.98"
"","41372","54683","278770","f96b8338-4ffb-4612-8c29-58dc3b12db69","Ko Kieft","Buccaneers","41","TE","54.6","1","4","1","0","0","0","0.0","0","0","0","0","0","0","0","0","0","0.0","0.00"
"","41933","52526","281893","617aee8a-70be-4bdf-9a71-2e2b74e647e6","Albert Okwuegbunam","Raiders","86","TE","72.7","6","25","9","6","5","36","7.2","0","2","0","0","0","5","1","0","34","6.8","1.44"
"","42058","53946","279825","0560d134-d316-4cda-9d48-34d32267af68","Jack Stoll","Saints","88","TE","59","7","50","7","10","6","46","7.7","1","2","0","0","0","6","2","2","18","3.0","0.92"
"","42130","46170","195797","ed8a8fd2-df67-45e7-a34f-984afb82f6ea","Ian Thomas","Raiders","80","TE","67.1","10","90","18","13","13","114","8.8","0","5","0","0","0","13","0","0","76","5.8","1.27"
"","42257","52598","195531","527dfee0-a242-4dc7-830a-ab7028308259","Charlie Woerner","Falcons","89","TE","47.6","10","134","28","8","8","48","6.0","0","2","0","0","0","8","1","1","37","4.6","0.36"
"","42266","52934","194449","0f369885-8ecd-4ca0-a3dc-df8530a0db6e","Sean McKeon","Colts","49","TE","54","0","3","0","0","0","0","0.0","0","0","0","0","0","0","0","0","0","0.0","0.00"
"","42275","53553","279874","3208880b-949f-4926-85eb-1940770550ea","John Bates","Commanders","87","TE","55.3","15","141","31","15","11","103","9.4","1","6","1","0","0","12","2","0","69","6.3","0.73"
"","42353","53574","278502","8a1f0e8e-6521-4a94-9934-ad4f76a25fd9","Luke Farrell","49ers","89","TE","46.8","17","157","31","15","12","86","7.2","2","6","1","1","1","13","3","2","56","4.7","0.55"
"","42388","47803","195637","cdc98acc-9eb6-4b44-81bb-61d7b8a3b55f","Noah Fant","Bengals","86","TE","56.6","31","226","71","38","34","288","8.5","3","13","1","3","3","35","4","3","177","5.2","1.27"
"","47034","52502","195781","7874d188-0fcd-4af9-9289-27c27e2bbd16","Josiah Deguara","Cardinals","45","TE","53.5","1","59","9","4","3","21","7.0","1","2","0","0","0","3","1","0","5","1.7","0.36"
"","47043","47920","177413","9c3a67fd-5c6e-4689-9e08-9ff6d4db6c9a","Foster Moreau","Saints","87","TE","55.5","9","72","19","10","7","59","8.4","0","2","1","0","0","8","0","0","42","6.0","0.82"
"","47083","47852","172804","dc83f7af-7b30-4c4a-9c93-f67bd8db954b","Josh Oliver","Vikings","84","TE","72.9","19","129","30","19","16","160","10.0","4","9","0","0","0","17","2","1","105","6.6","1.24"
"","47124","46226","174199","f0d17dfa-ebf3-416c-a8d2-c6bc30675103","Tyler Conklin","Chargers","83","TE","44.7","10","91","29","12","8","108","13.5","0","3","2","1","0","11","2","0","62","7.8","1.19"
"","47153","46111","159831","1012cbe0-7eba-4169-bfca-183a0204e1a7","Mike Gesicki","Bengals","88","TE","71.7","35","267","99","47","30","322","10.7","2","19","0","0","0","32","12","6","72","2.4","1.21"
"","47257","46192","110525","7e42a22a-c47b-4387-aeeb-2cc2e76dc1d8","Durham Smythe","Bears","81","TE","38.4","5","97","12","9","6","36","6.0","0","1","1","0","0","7","2","0","15","2.5","0.37"
"","47259","47835","167371","15a4f552-ecaf-45bd-9006-aa5dda93bee6","Drew Sample","Bengals","89","TE","45.9","17","236","48","17","15","106","7.1","1","5","0","0","0","16","2","1","106","7.1","0.45"
"","47272","46118","159389","e8029983-87cf-49a2-bc04-04c8233a0630","Dallas Goedert","Eagles","88","TE","69.1","81","494","191","89","66","652","9.9","12","36","3","0","0","72","9","0","274","4.2","1.32"
"","47304","46206","174531","8caec1b4-e0b6-4a84-b8c8-617d6e91ef6a","Dalton Schultz","Texans","86","TE","76.5","88","577","164","115","91","878","9.7","3","41","2","1","0","96","11","3","414","4.5","1.52"
"","47436","46155","164143","0618f387-9b72-4270-8b8f-dec4cccc9e4a","Mark Andrews","Ravens","89","TE","61.6","56","371","136","72","52","455","8.8","5","24","3","1","0","56","13","7","113","2.2","1.23"
"","51837","45355","117283","b0719e3d-199b-46e5-a2b4-1091f6fd5c0d","Anthony Firkser","Lions","86","TE","56.3","7","107","36","9","8","53","6.6","0","4","0","0","0","8","2","2","14","1.8","0.50"
"","52266","52541","278296","1ea7affb-e5e7-491a-aaa3-55e200b2eb48","Colby Parkinson","Rams","84","TE","77.2","64","326","92","74","52","562","10.8","9","31","7","2","1","59","11","4","373","7.2","1.72"
"","52286","55233","300655","5d01b190-d51e-11ec-8f44-c7121c9cec59","Tucker Fisk","Chargers","42","TE","42","7","64","9","6","5","31","6.2","0","1","1","0","0","6","1","0","27","5.4","0.48"
"","53746","57572","310346","eb055af0-0e1a-11ef-aa6c-9183e6948e0f","Brenden Bates","Browns","82","TE","64.6","4","31","3","5","4","48","12.0","0","3","1","0","0","5","2","1","9","2.3","1.55"
"","54037","56012","305721","601467c7-b593-472d-a147-b8e7bfdbe990","Josh Whyle","Packers","81","TE","54.3","9","93","24","7","6","43","7.2","1","2","0","0","0","6","0","0","26","4.3","0.46"
"","57301","54673","281849","62e96d7c-e4dd-4a90-8c3a-8017eb69120d","Connor Heyward","Steelers","83","TE","61.1","5","21","6","4","3","21","7.0","1","1","0","0","0","3","1","1","6","2.0","1.00"
"","60492","55061","284533","6ee105f0-ca2e-11ec-be96-e90abdfa0fef","Stone Smartt","Jets","84","TE","60.3","7","56","15","9","7","52","7.4","0","3","0","0","0","8","5","3","26","3.7","0.93"
"","60509","54538","304482","321af8f8-b4de-4ed2-a86f-7f97a85a13d4","Jelani Woods","Jets","86","TE","49.7","1","20","6","2","1","4","4.0","0","0","0","0","0","1","1","0","2","2.0","0.20"
"","60853","53219","281178","57df4c36-e48c-45a4-a1ae-f6e86bf5d21e","Sal Cannella","Browns","87","TE","51.8","3","21","6","5","2","11","5.5","0","1","1","0","0","3","1","0","5","2.5","0.52"
"","60859","53510","304769","ebc576d0-a98b-4f82-aaf9-901a3911487d","Hunter Long","Jaguars","84","TE","52.2","19","136","42","16","13","109","8.4","2","5","3","1","0","16","1","1","36","2.8","0.80"
"","60864","54784","304505","8d9236c0-ce09-11ec-9598-03840dd5f387","Jake Tonges","49ers","88","TE","75.6","47","289","69","57","41","371","9.1","5","26","2","1","1","46","10","2","182","4.4","1.28"
"","60878","53591","280584","c97dfcb6-b999-476f-8487-f3848e92df17","Noah Gray","Chiefs","83","TE","52.4","33","275","91","37","23","209","9.1","0","9","2","0","0","28","3","3","120","5.2","0.76"
"","60917","54593","310010","3c048ac9-2c0f-4bf0-9ddc-ce99c9387ac8","Charlie Kolar","Ravens","88","TE","75","9","105","26","14","10","142","14.2","2","9","0","0","0","10","2","1","51","5.1","1.35"
"","60994","53959","279365","8f182089-7730-499e-8f2e-87bda32debfb","Brock Wright","Lions","89","TE","54.2","15","130","33","19","14","108","7.7","2","7","1","0","0","16","1","0","83","5.9","0.83"
"","60995","52451","279363","036feeb6-9a22-43c5-a8e3-7ac611d8ff49","Cole Kmet","Bears","85","TE","61.1","48","416","111","53","35","391","11.2","3","19","2","0","0","39","8","2","170","4.9","0.94"
"","60997","54663","281599","f6988cfa-2dcf-490b-ac80-9af8e4292efa","Grant Calcaterra","Eagles","81","TE","51.5","11","122","34","12","9","76","8.4","1","4","1","0","0","10","2","1","32","3.6","0.62"
"","61004","56207","289381","1d1eb430-f01e-11ed-97df-a94b89ac5704","Travis Vokolek","Cardinals","81","TE","51.4","1","7","2","0","0","0","0.0","0","0","0","0","0","0","0","0","0","0.0","0.00"
"","61071","54571","300837","f23517bd-ae85-484a-8ecb-1f7a2d851e48","Cade Otton","Buccaneers","88","TE","58.1","71","566","150","84","60","601","10.0","1","25","2","0","0","67","22","7","330","5.5","1.06"
"","61081","54594","305484","f46eab3d-d7dd-4420-b3f9-6da9ac1308ab","Jake Ferguson","Cowboys","87","TE","60","84","546","198","104","83","602","7.3","8","30","5","3","2","90","24","13","308","3.7","1.10"
"","61182","53855","281756","eab74cbc-ed11-46b3-bd16-1d4c997adc22","Quintin Morris","Jaguars","80","TE","54.3","9","81","20","8","6","55","9.2","1","4","1","0","0","7","0","0","21","3.5","0.68"
"","66924","46797","107942","2fa75e05-cac4-4b40-8924-dbc9ae0c959c","Tanner Hudson","Bengals","87","TE","73.6","18","115","27","23","19","168","8.8","2","8","0","0","0","19","5","2","85","4.5","1.46"
"","75916","54520","300413","734d54cc-c869-4e2f-a60f-c59c493f5110","Trey McBride","Cardinals","85","TE","84.8","126","737","250","170","129","1279","9.9","11","63","2","0","0","133","38","22","592","4.6","1.74"
"","77881","56400","316838","9a8395a0-e900-11ed-9cad-a989770811a8","Blake Whiteheart","Browns","86","TE","38.8","4","102","36","5","2","4","2.0","0","0","0","1","0","2","2","0","1","0.5","0.04"
"","77885","54642","305843","f461da0c-f764-414c-9e0d-2f02e22a68d8","James Mitchell","Panthers","85","TE","74.2","4","16","5","4","3","28","9.3","0","2","0","0","0","3","1","0","22","7.3","1.75"
"","77888","56027","304372","5d4a5e4f-7c74-4b4c-b8e5-33bb831e3057","Will Mallory","Colts","86","TE","83.9","1","7","0","1","1","16","16.0","0","1","0","0","0","1","1","1","0","0.0","2.29"
"","77892","57789","306403","dad0d560-0c9e-11ef-b2f4-ab1e3a869265","David Martin-Robinson","Titans","88","TE","77.8","4","30","12","5","4","30","7.5","1","3","0","0","0","4","2","1","17","4.3","1.00"
"","77917","56112","304755","733cc366-53e3-4703-a2fc-2aa860272cf3","Brayden Willis","49ers","82","TE","53.4","0","5","3","1","0","0","0.0","0","0","0","0","0","0","1","0","0","0.0","0.00"
"","77918","56529","317571","cef32a80-e761-11ed-ac46-e3b4ebd723e5","Ben Sims","Vikings","89","TE","67.9","5","35","7","5","3","30","10.0","0","2","0","0","0","3","2","1","4","1.3","0.86"
"","82647","55966","305258","3763a2ec-ee98-4cf4-9aa7-ee626057c56f","Cameron Latu","Eagles","36","TE","47.3","2","19","4","0","0","0","0.0","0","0","0","0","0","0","0","0","0","0.0","0.00"
"","83589","57827","351066","8344b150-0667-11ef-8407-311b2612bbe3","Colson Yankoff","Commanders","80","TE","49.3","6","48","9","2","2","18","9.0","0","2","0","0","0","2","0","0","4","2.0","0.38"
"","83955","54604","304903","f9279edb-cfa7-4f7d-91df-b81cbf3e133e","Isaiah Likely","Ravens","80","TE","57","26","254","76","36","27","307","11.4","1","11","1","2","1","30","5","2","122","4.5","1.21"
"","83962","55127","304628","767b4820-cc9f-11ec-952e-a10f2c98fc4d","Lucas Krull","Broncos","85","TE","48.5","4","33","8","5","2","15","7.5","0","0","0","0","0","2","1","1","3","1.5","0.45"
"","83964","53433","304654","1f3deb24-9ff8-4769-8f42-825eff7742f6","Kyle Pitts","Falcons","08","TE","82","97","573","167","120","90","967","10.7","5","51","4","0","0","97","21","12","411","4.6","1.69"
"","83974","54678","304392","b221f4da-3c7c-4f51-b3f0-d2c68d5d9369","John FitzPatrick","Packers","86","TE","47.5","18","128","23","18","12","72","6.0","1","4","3","0","0","16","0","0","55","4.6","0.56"
"","84000","54608","305581","14e11f9b-58c8-437f-abc0-a4e4df9a7c47","Chigoziem Okonkwo","Titans","85","TE","67.1","61","452","98","80","59","576","9.8","2","24","3","0","0","64","8","6","346","5.9","1.27"
"","84005","55923","317187","143957a7-4649-4a19-b351-e606edc75ebd","Luke Schoonmaker","Cowboys","86","TE","58.6","17","143","41","24","15","135","9.0","0","7","1","0","0","16","6","2","85","5.7","0.94"
"","84006","57649","305386","efc8d800-072b-11ef-892f-5b772aae3c25","Brevyn Spann-Ford","Cowboys","89","TE","72.4","13","74","20","14","10","128","12.8","1","4","0","0","0","10","4","1","67","6.7","1.73"
"","84025","53512","327781","cbee2fd3-e5f2-4316-bffd-531f1873f032","Tommy Tremble","Panthers","82","TE","55","26","329","71","41","32","319","10.0","2","11","2","0","0","34","2","2","220","6.9","0.97"
"","84029","54566","305732","28f3732b-0910-4d09-9fd4-e43b821dc5bb","Jeremy Ruckert","Jets","89","TE","55","26","195","50","28","23","168","7.3","1","8","2","0","0","26","3","2","92","4.0","0.86"
"","84036","54635","304293","06cb6aff-c81e-4553-95ba-467187f408d4","Teagan Quitoriano","Falcons","85","TE","50.1","0","8","0","0","0","0","0.0","0","0","0","0","0","0","0","0","0","0.0","0.00"
"","84037","56036","317625","c4a8b4c9-5db8-4187-852b-9557bef8724e","Payne Durham","Buccaneers","87","TE","41.1","8","79","14","3","1","11","11.0","0","1","1","0","0","2","0","0","10","10.0","0.14"
"","84041","54577","312957","42a1c03e-790e-46ba-b0d5-d304e44c02c7","Daniel Bellinger","Giants","82","TE","63","31","224","60","28","20","299","14.9","2","14","1","0","0","25","6","2","141","7.0","1.33"
"","84068","54545","317157","b9e4a022-d15c-4cef-9879-170277f17207","Greg Dulcich","Dolphins","85","TE","80.6","31","151","42","34","27","360","13.3","1","14","1","1","1","28","7","5","226","8.4","2.38"
"","84080","57366","328170","c62dcaf1-79e3-4e15-8fb0-e7cb30a18fe4","Devin Culp","Buccaneers","82","TE","57.4","1","29","7","1","1","6","6.0","1","1","0","0","0","1","0","0","0","0.0","0.21"
"","84085","53484","305270","04f0fefe-9d9d-44f5-94ea-6df2a42df3c6","Pat Freiermuth","Steelers","88","TE","68.5","56","382","130","60","43","509","11.8","4","22","2","0","0","46","9","5","263","6.1","1.33"
"","87625","56502","307308","bcd0ae60-f31c-11ed-819c-fd03d0cc2698","Nate Adkins","Broncos","45","TE","40.2","21","91","13","11","7","49","7.0","1","3","3","0","0","11","1","0","25","3.6","0.54"
"","88685","56410","309374","516da3c0-f016-11ed-a518-572ef5cb73b6","Julian Hill","Dolphins","89","TE","56.1","22","142","15","21","17","158","9.3","0","6","1","0","0","19","0","0","129","7.6","1.11"
"","91791","55889","308140","b961fa15-0676-4948-b95f-56d06319d40e","Dalton Kincaid","Bills","86","TE","86.1","60","269","100","63","49","684","14.0","7","33","3","1","0","53","15","8","299","6.1","2.54"
"","94365","48136","0","013477a2-0271-4441-a0af-9bc25924a2f6","Stephen Carlson","Bears","88","TE","53.7","0","6","3","0","0","0","0.0","0","0","0","0","0","0","0","0","0","0.0","0.00"
"","98027","56062","325447","a01b7698-d67f-4b60-b2fb-4c667336b718","Elijah Higgins","Cardinals","84","TE","62.7","40","317","73","39","31","313","10.1","0","15","0","1","1","32","7","2","218","7.0","0.99"
"","98097","57636","338935","07814d30-072a-11ef-ba75-176276cf11f0","Treyton Welch","Saints","82","TE","49.8","0","7","1","0","0","0","0.0","0","0","0","0","0","0","0","0","0","0.0","0.00"
"","98499","55907","325525","77a4fb49-3c6c-4aa1-8a21-20956e2d2240","Luke Musgrave","Packers","88","TE","57.8","28","255","76","36","25","261","10.4","0","11","2","1","0","29","5","1","78","3.1","1.02"
"","98508","57252","325188","a952a370-a43f-45ec-8371-0665f0b9551e","Jared Wiley","Chiefs","12","TE","55.9","3","12","1","1","1","4","4.0","0","1","0","0","0","1","0","0","8","8.0","0.33"
"","99697","56040","324807","02a77d8c-3b89-4a61-86a2-0c005c1e589a","Davis Allen","Rams","87","TE","56.9","31","234","69","36","26","219","8.4","3","12","2","0","0","29","5","1","139","5.3","0.94"
"","101486","57244","327788","559d5222-0403-4a14-94c7-c7bd5072c939","Cade Stover","Texans","87","TE","52.6","17","112","15","21","15","91","6.1","0","4","2","0","0","20","4","3","62","4.1","0.81"
"","101679","58503","350385","b312a490-2791-11f0-b675-0178dd6a62e2","Nick Kallerup","Seahawks","89","TE","47.6","1","10","2","1","0","0","0.0","0","0","0","0","0","0","1","0","0","0.0","0.00"
"","101680","57604","350646","4fb37ab0-0efa-11ef-842a-77fe9b74fabd","Hayden Rucci","Dolphins","87","TE","51.9","0","6","0","0","0","0","0.0","0","0","0","0","0","0","0","0","0","0.0","0.00"
"","101690","55899","326009","3059f1e5-1871-4458-9e90-9b9917874c61","Sam LaPorta","Lions","87","TE","83.2","40","254","79","45","40","489","12.2","3","23","0","0","0","41","7","7","273","6.8","1.93"
"","101694","55926","325356","94f135f7-9d54-4cbd-b560-fcaf83d414b0","Brenton Strange","Jaguars","85","TE","75.6","55","364","97","68","50","570","11.4","3","28","3","0","0","55","11","7","280","5.6","1.57"
"","104034","55943","338134","3a084c5f-6b9f-4703-a0c7-1566bc4b1129","Tucker Kraft","Packers","85","TE","82.9","40","222","56","44","33","493","14.9","6","22","4","0","0","37","3","1","350","10.6","2.22"
"","109374","58378","371979","87304bcd-83f1-4e59-b9cb-6474f7e0dc01","Jackson Hawes","Bills","85","TE","81.8","18","111","28","19","16","187","11.7","3","13","1","0","0","17","3","2","92","5.8","1.68"
"","109795","52513","261713","4e14183b-f974-4745-9d7f-8f5eb2a92a7d","Adam Trautman","Broncos","82","TE","57.2","46","255","56","25","20","195","9.8","1","11","1","0","0","22","1","1","102","5.1","0.76"
"","109834","56254","285812","626a1dd0-ebab-11ed-bb4c-e536974648f2","E.J. Jenkins","Eagles","84","TE","59.6","0","1","0","0","0","0","0.0","0","0","0","0","0","0","0","0","0","0.0","0.00"
"","122264","59083","350505","7afbcb90-2f70-11f0-8052-89a0c8fe065f","Drake Dabney","Packers","49","TE","53.6","1","10","3","2","1","3","3.0","0","0","0","0","0","1","1","1","0","0.0","0.30"
"","122616","57174","377657","b5c717af-9116-483c-9ab3-c9db0a988ab8","Ben Sinnott","Commanders","82","TE","62.9","15","113","27","14","11","114","10.4","1","5","0","0","0","11","1","1","63","5.7","1.01"
"","122906","55900","348567","31f4645a-7ccb-4633-8580-2fca361beb4f","Michael Mayer","Raiders","87","TE","69.8","40","238","65","48","36","335","9.3","1","18","2","1","0","39","7","2","204","5.7","1.41"
"","124044","55958","349091","1984b8b5-d206-4d6a-8204-c5dd0160e9f5","Darnell Washington","Steelers","80","TE","65.1","45","224","57","46","32","366","11.4","1","16","4","2","1","38","7","3","228","7.1","1.63"
"","129423","57203","350636","44767e85-080f-4212-b2f2-cba160c81a9f","Tip Reiman","Cardinals","87","TE","44.4","4","38","9","5","3","18","6.0","0","1","1","0","0","4","2","0","9","3.0","0.47"
"","129433","57242","350253","e96127b4-d381-43d4-b0ae-8790c706756f","AJ Barner","Seahawks","88","TE","72.7","59","460","114","74","60","596","9.9","7","31","2","3","0","63","9","6","308","5.1","1.30"
"","129787","57228","351111","a5d4bb1d-c130-47c2-808a-2dd1f85005fb","Theo Johnson","Giants","84","TE","62","67","463","163","78","46","543","11.8","5","24","8","0","0","57","21","12","195","4.2","1.17"
"","129798","58216","351638","c8fe3913-1210-4142-b9c1-c119ef702ca5","Tyler Warren","Colts","84","TE","72","89","535","165","113","79","843","10.7","4","42","5","0","0","85","25","10","502","6.3","1.58"
"","131786","58955","351143","1f3d48b0-2629-11f0-9dca-47cf7c5385b0","Benjamin Yurosek","Vikings","85","TE","56","2","25","9","3","2","14","7.0","0","1","0","0","0","2","0","0","8","4.0","0.56"
"","134552","57772","311444","8e6c6eb0-0725-11ef-b490-715b3492492e","Cam Grandy","Bengals","85","TE","28.2","2","5","1","2","2","7","3.5","0","0","0","1","0","2","0","0","13","6.5","1.40"
"","138351","54657","266184","59f460a8-b5af-40e6-840c-429762b278b3","Andrew Ogletree","Colts","85","TE","55.5","4","59","6","7","4","27","6.8","1","2","0","0","0","5","2","1","8","2.0","0.46"
"","143786","53739","0","0cafaac9-20fb-4e5a-9362-158d8a4e7904","Shane Zylstra","Lions","84","TE","49.7","3","85","20","5","3","20","6.7","0","1","0","0","0","3","2","2","2","0.7","0.24"
"","143933","58255","361648","98bc7c8c-e6e4-4694-a0ef-d3f25274223e","Elijah Arroyo","Seahawks","18","TE","51.8","23","176","64","26","15","179","11.9","1","7","0","1","1","16","7","4","66","4.4","1.02"
"","144046","58370","362658","6af50530-145a-4b34-946d-ce1a7f7d3166","Oronde Gadsden II","Chargers","86","TE","71.1","57","442","168","76","54","715","13.2","3","30","6","1","1","61","13","9","235","4.3","1.62"
"","144717","57222","362615","ffd2ff3f-4b56-4232-be8e-bf163c29f406","Ja'Tavion Sanders","Panthers","00","TE","50.2","24","242","89","37","29","190","6.5","1","8","3","0","0","34","3","1","85","2.9","0.79"
"","144726","58325","363779","beb69cba-f240-43ed-88d3-50d066cf55d4","Gunnar Helm","Titans","84","TE","69.3","42","253","59","55","44","357","8.1","2","17","3","0","0","50","14","9","164","3.7","1.41"
"","144888","59026","361772","e98ccf30-2531-11f0-b18c-b9f05412231c","CJ Dippre","Patriots","82","TE","51.8","0","5","0","0","0","0","0.0","0","0","0","0","0","0","0","0","0","0.0","0.00"
"","144997","58424","361606","0e21445d-6318-43ce-ba78-310ee648b602","Thomas Fidone II","Giants","86","TE","51.2","0","11","1","0","0","0","0.0","0","0","0","0","0","0","0","0","0","0.0","0.00"
"","145197","54923","286750","faaf7f80-d307-11ec-8b77-45b1765fd110","Zaire Mitchell-Paden","Saints","84","TE","73.4","3","12","2","3","2","17","8.5","0","1","0","0","0","2","2","1","5","2.5","1.42"
"","146291","58799","372715","839e8540-2308-11f0-aa64-8d9c47758cf0","Keleki Latu","Bills","83","TE","65.3","4","39","10","4","4","35","8.8","0","3","0","0","0","4","1","1","24","6.0","0.90"
"","146561","58453","362140","140c137e-69f7-40a9-a92c-42e331b04109","Moliki Matavao","Saints","80","TE","50.1","1","24","6","2","2","10","5.0","0","0","0","0","0","2","0","0","5","2.5","0.42"
"","146563","58251","362130","fdfc7b8e-a202-4459-91f8-be6e053e5d29","Terrance Ferguson","Rams","18","TE","61.2","28","218","119","35","13","251","19.3","3","10","1","0","0","14","9","1","41","3.1","1.15"
"","146715","57134","361925","ad9fc7e3-0a6d-4e41-84c2-cf43b71aee13","Brock Bowers","Raiders","89","TE","82.2","71","423","148","89","66","690","10.4","7","36","4","0","0","71","24","15","302","4.6","1.63"
"","147486","58368","362995","788b494d-d624-46ae-a956-81bd10f6a044","Mitchell Evans","Panthers","84","TE","64.8","20","151","38","22","19","171","9.0","2","9","1","0","0","20","0","0","107","5.6","1.13"
"","148361","58828","366838","9c616fe0-2617-11f0-99ad-71dad835e87c","Zach Horton","Lions","40","TE","60","1","1","0","0","0","0","0.0","0","0","0","0","0","0","0","0","0","0.0","0.00"
"","157122","58247","388806","07d2be51-73c2-4f26-81d5-bc6e9b88bff2","Mason Taylor","Jets","85","TE","60","49","374","86","65","45","371","8.2","1","23","5","0","0","51","15","12","136","3.0","0.99"
"","158540","58212","386481","62cd2cd5-8b40-4ee6-bfb8-0083edd105a2","Colston Loveland","Bears","84","TE","86.2","83","484","161","111","73","927","12.7","6","44","2","0","0","79","23","9","320","4.4","1.92"
"","163104","58272","389066","8bdf2df7-b51c-4404-b153-8dc62b1e0845","Harold Fannin Jr.","Browns","44","TE","76.4","88","465","158","109","76","764","10.1","6","32","5","0","0","83","23","11","379","5.0","1.64"
"","177002","58933","372061","a4af6950-2625-11f0-be8a-29068ea3d60c","Carter Runyon","Raiders","46","TE","54.6","1","8","4","1","1","3","3.0","0","0","0","0","0","1","0","0","6","6.0","0.38"